<?xml version="1.0" encoding="UTF-8"?>
<model package="formalicious" baseClass="xPDOObject" platform="mysql" defaultEngine="MyISAM" phpdoc-package="formalicious">
    <object class="FormaliciousCategory" table="formalicious_categories" extends="xPDOSimpleObject">
        <!-- Category settings -->
        <field key="name" dbtype="varchar" precision="255" phptype="string" null="false" default="" />
        <field key="description" dbtype="text" phptype="text" null="false" default="" />
        <field key="published" dbtype="tinyint" precision="1" attributes="unsigned" phptype="boolean" null="false" default="0" index="index" />

        <!-- Indexes -->
        <index alias="published" name="published" primary="false" unique="false" type="BTREE">
            <column key="published" length="" collation="A" null="false" />
        </index>

        <!-- Relations -->
        <aggregate alias="Forms" class="FormaliciousForm" local="id" foreign="category_id" cardinality="many" owner="local" />
    </object>
    <object class="FormaliciousForm" table="formalicious_forms" extends="xPDOSimpleObject">
        <field key="category_id" dbtype="int" precision="10" phptype="integer" null="false" default="0" index="index" />
        <!-- Form settings -->
        <field key="name" dbtype="varchar" precision="255" phptype="string" null="false" default="" />
        <field key="description" dbtype="text" phptype="text" null="false" default="" />
        <field key="published" dbtype="tinyint" precision="1" attributes="unsigned" phptype="boolean" null="false" default="0" index="index" />
        <field key="saveform" dbtype="tinyint" precision="1" attributes="unsigned" phptype="boolean" null="false" default="0" index="index" />
        <field key="redirectto" dbtype="int" precision="10" attributes="unsigned" phptype="integer" null="false" default="0"  />

        <!-- Email to settings -->
        <field key="emailto" dbtype="text" phptype="text" null="false" default="" />
        <field key="subject" dbtype="varchar" precision="255" phptype="string" null="false" default="" />

        <!-- Email Auto Responder settings -->
        <field key="fiaremail" dbtype="tinyint" precision="1" attributes="unsigned" phptype="boolean" null="false" default="0" index="index" />
        <field key="fiaremailto" dbtype="int" precision="11" attributes="unsigned" phptype="integer" null="false" default="0"  />
        <field key="fiaremailfrom" dbtype="text" phptype="text" null="false" default="" />
        <field key="fiarsubject" dbtype="varchar" precision="255" phptype="string" null="false" default="" />
        <field key="fiarcontent" dbtype="varchar" precision="255" phptype="string" null="false" default="" />
        <field key="fiarattachment" dbtype="text" phptype="text" null="false" default="" />

        <!-- Advanced settings for FormIt -->
        <field key="prehooks" dbtype="varchar" precision="255" phptype="string" null="false" default="" />
        <field key="posthooks" dbtype="varchar" precision="255" phptype="string" null="false" default="" />
        <field key="parameters" dbtype="text" phptype="text" null="false" default="" />

        <!-- Indexes -->
        <index alias="category_id" name="category_id" primary="false" unique="false" type="BTREE">
            <column key="category_id" length="" collation="A" null="false" />
        </index>
        <index alias="published" name="published" primary="false" unique="false" type="BTREE">
            <column key="published" length="" collation="A" null="false" />
        </index>

        <!-- Relations -->
        <aggregate alias="Category" class="FormaliciousCategory" local="category_id" foreign="id" cardinality="one" owner="foreign" />
        <composite alias="Steps" class="FormaliciousStep" local="id" foreign="form_id" cardinality="many" owner="local" />

    </object>
    <object class="FormaliciousStep" table="formalicious_steps" extends="xPDOSimpleObject">
        <field key="form_id" dbtype="int" precision="10" phptype="integer" null="false" default="0" index="index" />

        <!-- Step settings -->
        <field key="title" dbtype="varchar" precision="255" phptype="string" null="false" default="" />
        <field key="introtext" dbtype="text" phptype="text" null="false" default="" />
        <field key="rank" dbtype="int" precision="10" phptype="integer" null="false"/>
        <field key="published" dbtype="tinyint" precision="1" attributes="unsigned" phptype="boolean" null="false" default="0" index="index" />

        <!-- Indexes -->
        <index alias="form_id" name="form_id" primary="false" unique="false" type="BTREE">
            <column key="form_id" length="" collation="A" null="false" />
        </index>
        <index alias="published" name="published" primary="false" unique="false" type="BTREE">
            <column key="published" length="" collation="A" null="false" />
        </index>
        <index alias="rank" name="rank" primary="false" unique="false" type="BTREE">
            <column key="rank" length="" collation="A" null="false" />
        </index>

        <!-- Relations -->
        <aggregate alias="Form" class="FormaliciousForm" local="form_id" foreign="id" cardinality="one" owner="foreign" />
        <composite alias="Fields" class="FormaliciousField" local="id" foreign="step_id" cardinality="many" owner="local" />

    </object>
    <object class="FormaliciousFieldType" table="formalicious_fields_types" extends="xPDOSimpleObject">
        <field key="name" dbtype="varchar" precision="255" phptype="string" null="false" default="" />
        <field key="tpl" dbtype="varchar" precision="255" phptype="string" null="false" default="" />
        <field key="answertpl" dbtype="varchar" precision="255" phptype="string" null="false" default="" />
        <field key="values" dbtype="tinyint" precision="1" attributes="unsigned" phptype="boolean" null="false" default="0" index="index" />
        <field key="validation" dbtype="text" phptype="text" null="false" default="" />
        <field key="icon" dbtype="varchar" precision="255" phptype="string" null="false" default="" />
    </object>

    <object class="FormaliciousField" table="formalicious_fields" extends="xPDOSimpleObject">
        <field key="step_id" dbtype="int" precision="10" phptype="integer" null="false" default="0" index="index" />

        <!-- Field settings -->
        <field key="title" dbtype="varchar" precision="255" phptype="string" null="false" default="" />
        <field key="placeholder" dbtype="varchar" precision="255" phptype="string" null="false" default="" />
        <field key="introtext" dbtype="text" phptype="text" null="false" default="" />
        <field key="directional" dbtype="tinyint" precision="1" attributes="unsigned" phptype="boolean" null="false" default="0" />
        <field key="type" dbtype="int" precision="10" phptype="integer" null="false" default="0" index="index" />
        <field key="required" dbtype="tinyint" precision="1" attributes="unsigned" phptype="boolean" null="false" default="0" />
        <field key="published" dbtype="tinyint" precision="1" attributes="unsigned" phptype="boolean" null="false" default="0" index="index" />
        <field key="rank" dbtype="int" precision="10" phptype="integer" null="false"/>

        <!-- Indexes -->
        <index alias="step_id" name="step_id" primary="false" unique="false" type="BTREE">
            <column key="step_id" length="" collation="A" null="false" />
        </index>
        <index alias="published" name="published" primary="false" unique="false" type="BTREE">
            <column key="published" length="" collation="A" null="false" />
        </index>
        <index alias="rank" name="rank" primary="false" unique="false" type="BTREE">
            <column key="rank" length="" collation="A" null="false" />
        </index>

        <!-- Relations -->
        <aggregate alias="Step" class="FormaliciousStep" local="step_id" foreign="id" cardinality="one" owner="foreign" />
        <aggregate alias="Type" class="FormaliciousFieldType" local="type" foreign="id" cardinality="one" owner="foreign" />
        <composite alias="Answers" class="FormaliciousAnswer" local="id" foreign="field_id" cardinality="many" owner="local" />

    </object>
    <object class="FormaliciousSubField" table="formalicious_subfields" extends="FormaliciousField">

    </object>
    <object class="FormaliciousAnswer" table="formalicious_answers" extends="xPDOSimpleObject">
        <field key="field_id" dbtype="int" precision="10" phptype="integer" null="false" default="0" index="index" />

        <field key="name" dbtype="varchar" precision="255" phptype="string" null="false" default="" />
        <field key="rank" dbtype="int" precision="10" phptype="integer" null="false"/>
        <field key="published" dbtype="tinyint" precision="1" attributes="unsigned" phptype="boolean" null="false" default="0" index="index" />

        <field key="subfield_id" dbtype="int" precision="10" phptype="integer" null="false" default="0" index="index" />

        <!-- Indexes -->
        <index alias="field_id" name="field_id" primary="false" unique="false" type="BTREE">
            <column key="field_id" length="" collation="A" null="false" />
        </index>
        <index alias="published" name="published" primary="false" unique="false" type="BTREE">
            <column key="published" length="" collation="A" null="false" />
        </index>
        <index alias="rank" name="rank" primary="false" unique="false" type="BTREE">
            <column key="rank" length="" collation="A" null="false" />
        </index>

        <!-- Relations -->
        <aggregate alias="Field" class="FormaliciousField" local="field_id" foreign="id" cardinality="one" owner="foreign" />
        <composite alias="SubField" class="FormaliciousSubField" local="subfield_id" foreign="id" cardinality="many" owner="local" />

    </object>
</model>